classification,n_trades,mean_pnl,median_pnl,std_pnl,total_volume,avg_volume,mean_fee,win_rate_%,loss_rate_%
Extreme Greed,6962,25.418772159436944,0.0,306.1669373872389,39406770.25,5660.265764148233,0.9785666809824762,49.008905486929045,13.214593507612754
Fear,133871,50.047621894017375,0.0,909.121795680177,704158492.98,5259.977836723413,1.0832670527433932,41.51459240612231,6.693010435419172
Greed,36289,87.8948589207749,0.0,1148.343967656218,115503671.85,3182.883844966794,0.6705622471991513,44.647138251260714,7.916999641764722
Neutral,7141,22.229712656210616,0.0,633.7048150995175,21843234.35,3058.8481095084726,1.224461208007282,31.71824674415348,7.6599915978154325
